run,settings,git_sha,day,email,type,balance,contract_earnings,contract_payout_frequency
2018-06-09 07:58:59,none,db6c514c0c28549e3f9cdd3fc4845ece62ac8185,1,admin@bugmark.net,,0.0,0.0,0.0
2018-06-09 07:58:59,none,db6c514c0c28549e3f9cdd3fc4845ece62ac8185,1,worker9_healthmetricsnoprices@bugmark.net,HealthMetricsNoPrices,990.0,0.0,0.0
2018-06-09 07:58:59,none,db6c514c0c28549e3f9cdd3fc4845ece62ac8185,1,funder4_correlatedpay@bugmark.net,correlatedPay,100000000.0,0.0,0.0
2018-06-09 07:58:59,none,db6c514c0c28549e3f9cdd3fc4845ece62ac8185,1,worker1_nometricsnoprices_riskaverse@bugmark.net,NoMetricsNoPrices_riskAverse,1000.0,0.0,0.0
2018-06-09 07:58:59,none,db6c514c0c28549e3f9cdd3fc4845ece62ac8185,1,worker2_nometricsnoprices_riskaverse@bugmark.net,NoMetricsNoPrices_riskAverse,1000.0,0.0,0.0
2018-06-09 07:58:59,none,db6c514c0c28549e3f9cdd3fc4845ece62ac8185,1,worker3_nometricsnoprices_random@bugmark.net,NoMetricsNoPrices_random,1000.0,0.0,0.0
2018-06-09 07:58:59,none,db6c514c0c28549e3f9cdd3fc4845ece62ac8185,1,worker6_nometricswithprices_riskaverse@bugmark.net,NoMetricsWithPrices_riskAverse,1000.0,0.0,0.0
2018-06-09 07:58:59,none,db6c514c0c28549e3f9cdd3fc4845ece62ac8185,1,worker7_nometricswithprices_rewardseeking@bugmark.net,NoMetricsWithPrices_rewardSeeking,1000.0,0.0,0.0
2018-06-09 07:58:59,none,db6c514c0c28549e3f9cdd3fc4845ece62ac8185,1,worker8_nometricswithprices_rewardseeking@bugmark.net,NoMetricsWithPrices_rewardSeeking,1000.0,0.0,0.0
2018-06-09 07:58:59,none,db6c514c0c28549e3f9cdd3fc4845ece62ac8185,1,funder3_inversepay@bugmark.net,inversePay,99999830.0,0.0,0.0
2018-06-09 07:58:59,none,db6c514c0c28549e3f9cdd3fc4845ece62ac8185,1,worker11_healthmetricswithprices@bugmark.net,HealthMetricsWithPrices,1000.0,0.0,0.0
2018-06-09 07:58:59,none,db6c514c0c28549e3f9cdd3fc4845ece62ac8185,1,worker12_healthmetricswithprices@bugmark.net,HealthMetricsWithPrices,1000.0,0.0,0.0
2018-06-09 07:58:59,none,db6c514c0c28549e3f9cdd3fc4845ece62ac8185,1,worker10_healthmetricsnoprices@bugmark.net,HealthMetricsNoPrices,980.0,0.0,0.0
2018-06-09 07:58:59,none,db6c514c0c28549e3f9cdd3fc4845ece62ac8185,1,worker5_nometricswithprices_riskaverse@bugmark.net,NoMetricsWithPrices_riskAverse,985.0,0.0,0.0
2018-06-09 07:58:59,none,db6c514c0c28549e3f9cdd3fc4845ece62ac8185,1,funder1_randompay@bugmark.net,randomPay,99999915.0,0.0,0.0
2018-06-09 07:58:59,none,db6c514c0c28549e3f9cdd3fc4845ece62ac8185,1,worker4_nometricsnoprices_random@bugmark.net,NoMetricsNoPrices_random,995.0,0.0,0.0
2018-06-09 07:58:59,none,db6c514c0c28549e3f9cdd3fc4845ece62ac8185,1,funder2_fixedpay@bugmark.net,fixedPay,99999905.0,0.0,0.0
2018-06-09 07:58:59,none,db6c514c0c28549e3f9cdd3fc4845ece62ac8185,2,admin@bugmark.net,,0.0,0.0,0.0
2018-06-09 07:58:59,none,db6c514c0c28549e3f9cdd3fc4845ece62ac8185,2,worker2_nometricsnoprices_riskaverse@bugmark.net,NoMetricsNoPrices_riskAverse,995.0,0.0,0.0
2018-06-09 07:58:59,none,db6c514c0c28549e3f9cdd3fc4845ece62ac8185,2,worker9_healthmetricsnoprices@bugmark.net,HealthMetricsNoPrices,990.0,0.0,0.0
2018-06-09 07:58:59,none,db6c514c0c28549e3f9cdd3fc4845ece62ac8185,2,worker3_nometricsnoprices_random@bugmark.net,NoMetricsNoPrices_random,995.0,0.0,0.0
2018-06-09 07:58:59,none,db6c514c0c28549e3f9cdd3fc4845ece62ac8185,2,funder2_fixedpay@bugmark.net,fixedPay,99999715.0,0.0,0.0
2018-06-09 07:58:59,none,db6c514c0c28549e3f9cdd3fc4845ece62ac8185,2,worker8_nometricswithprices_rewardseeking@bugmark.net,NoMetricsWithPrices_rewardSeeking,1000.0,0.0,0.0
2018-06-09 07:58:59,none,db6c514c0c28549e3f9cdd3fc4845ece62ac8185,2,funder3_inversepay@bugmark.net,inversePay,99999830.0,0.0,0.0
2018-06-09 07:58:59,none,db6c514c0c28549e3f9cdd3fc4845ece62ac8185,2,worker11_healthmetricswithprices@bugmark.net,HealthMetricsWithPrices,1000.0,0.0,0.0
2018-06-09 07:58:59,none,db6c514c0c28549e3f9cdd3fc4845ece62ac8185,2,worker10_healthmetricsnoprices@bugmark.net,HealthMetricsNoPrices,980.0,0.0,0.0
2018-06-09 07:58:59,none,db6c514c0c28549e3f9cdd3fc4845ece62ac8185,2,worker5_nometricswithprices_riskaverse@bugmark.net,NoMetricsWithPrices_riskAverse,985.0,0.0,0.0
2018-06-09 07:58:59,none,db6c514c0c28549e3f9cdd3fc4845ece62ac8185,2,worker4_nometricsnoprices_random@bugmark.net,NoMetricsNoPrices_random,995.0,0.0,0.0
2018-06-09 07:58:59,none,db6c514c0c28549e3f9cdd3fc4845ece62ac8185,2,worker12_healthmetricswithprices@bugmark.net,HealthMetricsWithPrices,985.0,0.0,0.0
2018-06-09 07:58:59,none,db6c514c0c28549e3f9cdd3fc4845ece62ac8185,2,worker1_nometricsnoprices_riskaverse@bugmark.net,NoMetricsNoPrices_riskAverse,995.0,0.0,0.0
2018-06-09 07:58:59,none,db6c514c0c28549e3f9cdd3fc4845ece62ac8185,2,funder4_correlatedpay@bugmark.net,correlatedPay,99999820.0,0.0,0.0
2018-06-09 07:58:59,none,db6c514c0c28549e3f9cdd3fc4845ece62ac8185,2,worker7_nometricswithprices_rewardseeking@bugmark.net,NoMetricsWithPrices_rewardSeeking,980.0,0.0,0.0
2018-06-09 07:58:59,none,db6c514c0c28549e3f9cdd3fc4845ece62ac8185,2,worker6_nometricswithprices_riskaverse@bugmark.net,NoMetricsWithPrices_riskAverse,980.0,0.0,0.0
2018-06-09 07:58:59,none,db6c514c0c28549e3f9cdd3fc4845ece62ac8185,2,funder1_randompay@bugmark.net,randomPay,99999755.0,0.0,0.0
2018-06-09 07:58:59,none,db6c514c0c28549e3f9cdd3fc4845ece62ac8185,3,admin@bugmark.net,,0.0,0.0,0.0
2018-06-09 07:58:59,none,db6c514c0c28549e3f9cdd3fc4845ece62ac8185,3,worker2_nometricsnoprices_riskaverse@bugmark.net,NoMetricsNoPrices_riskAverse,995.0,0.0,0.0
2018-06-09 07:58:59,none,db6c514c0c28549e3f9cdd3fc4845ece62ac8185,3,funder3_inversepay@bugmark.net,inversePay,99999740.0,20.0,0.5
2018-06-09 07:58:59,none,db6c514c0c28549e3f9cdd3fc4845ece62ac8185,3,worker3_nometricsnoprices_random@bugmark.net,NoMetricsNoPrices_random,995.0,0.0,0.0
2018-06-09 07:58:59,none,db6c514c0c28549e3f9cdd3fc4845ece62ac8185,3,worker5_nometricswithprices_riskaverse@bugmark.net,NoMetricsWithPrices_riskAverse,1080.0,85.0,1.0
2018-06-09 07:58:59,none,db6c514c0c28549e3f9cdd3fc4845ece62ac8185,3,worker9_healthmetricsnoprices@bugmark.net,HealthMetricsNoPrices,1090.0,90.0,1.0
2018-06-09 07:58:59,none,db6c514c0c28549e3f9cdd3fc4845ece62ac8185,3,worker4_nometricsnoprices_random@bugmark.net,NoMetricsNoPrices_random,1090.0,95.0,1.0
2018-06-09 07:58:59,none,db6c514c0c28549e3f9cdd3fc4845ece62ac8185,3,worker11_healthmetricswithprices@bugmark.net,HealthMetricsWithPrices,995.0,0.0,0.0
2018-06-09 07:58:59,none,db6c514c0c28549e3f9cdd3fc4845ece62ac8185,3,funder2_fixedpay@bugmark.net,fixedPay,99999620.0,0.0,0.0
2018-06-09 07:58:59,none,db6c514c0c28549e3f9cdd3fc4845ece62ac8185,3,worker8_nometricswithprices_rewardseeking@bugmark.net,NoMetricsWithPrices_rewardSeeking,995.0,0.0,0.0
2018-06-09 07:58:59,none,db6c514c0c28549e3f9cdd3fc4845ece62ac8185,3,worker10_healthmetricsnoprices@bugmark.net,HealthMetricsNoPrices,980.0,0.0,0.0
2018-06-09 07:58:59,none,db6c514c0c28549e3f9cdd3fc4845ece62ac8185,3,funder4_correlatedpay@bugmark.net,correlatedPay,99999725.0,0.0,0.0
2018-06-09 07:58:59,none,db6c514c0c28549e3f9cdd3fc4845ece62ac8185,3,worker12_healthmetricswithprices@bugmark.net,HealthMetricsWithPrices,985.0,0.0,0.0
2018-06-09 07:58:59,none,db6c514c0c28549e3f9cdd3fc4845ece62ac8185,3,worker1_nometricsnoprices_riskaverse@bugmark.net,NoMetricsNoPrices_riskAverse,995.0,0.0,0.0
2018-06-09 07:58:59,none,db6c514c0c28549e3f9cdd3fc4845ece62ac8185,3,worker7_nometricswithprices_rewardseeking@bugmark.net,NoMetricsWithPrices_rewardSeeking,980.0,0.0,0.0
2018-06-09 07:58:59,none,db6c514c0c28549e3f9cdd3fc4845ece62ac8185,3,worker6_nometricswithprices_riskaverse@bugmark.net,NoMetricsWithPrices_riskAverse,980.0,0.0,0.0
2018-06-09 07:58:59,none,db6c514c0c28549e3f9cdd3fc4845ece62ac8185,3,funder1_randompay@bugmark.net,randomPay,99999755.0,0.0,0.0
2018-06-09 07:58:59,none,db6c514c0c28549e3f9cdd3fc4845ece62ac8185,4,admin@bugmark.net,,0.0,0.0,0.0
2018-06-09 07:58:59,none,db6c514c0c28549e3f9cdd3fc4845ece62ac8185,4,worker6_nometricswithprices_riskaverse@bugmark.net,NoMetricsWithPrices_riskAverse,1065.0,80.0,1.0
2018-06-09 07:58:59,none,db6c514c0c28549e3f9cdd3fc4845ece62ac8185,4,worker2_nometricsnoprices_riskaverse@bugmark.net,NoMetricsNoPrices_riskAverse,1090.0,95.0,1.0
2018-06-09 07:58:59,none,db6c514c0c28549e3f9cdd3fc4845ece62ac8185,4,worker3_nometricsnoprices_random@bugmark.net,NoMetricsNoPrices_random,1095.0,95.0,1.0
2018-06-09 07:58:59,none,db6c514c0c28549e3f9cdd3fc4845ece62ac8185,4,worker4_nometricsnoprices_random@bugmark.net,NoMetricsNoPrices_random,1090.0,95.0,1.0
2018-06-09 07:58:59,none,db6c514c0c28549e3f9cdd3fc4845ece62ac8185,4,worker11_healthmetricswithprices@bugmark.net,HealthMetricsWithPrices,995.0,0.0,0.0
2018-06-09 07:58:59,none,db6c514c0c28549e3f9cdd3fc4845ece62ac8185,4,worker12_healthmetricswithprices@bugmark.net,HealthMetricsWithPrices,1085.0,85.0,1.0
2018-06-09 07:58:59,none,db6c514c0c28549e3f9cdd3fc4845ece62ac8185,4,funder4_correlatedpay@bugmark.net,correlatedPay,99999740.0,5.0,0.5
2018-06-09 07:58:59,none,db6c514c0c28549e3f9cdd3fc4845ece62ac8185,4,funder2_fixedpay@bugmark.net,fixedPay,99999525.0,0.0,0.0
2018-06-09 07:58:59,none,db6c514c0c28549e3f9cdd3fc4845ece62ac8185,4,worker7_nometricswithprices_rewardseeking@bugmark.net,NoMetricsWithPrices_rewardSeeking,1080.0,80.0,1.0
2018-06-09 07:58:59,none,db6c514c0c28549e3f9cdd3fc4845ece62ac8185,4,worker9_healthmetricsnoprices@bugmark.net,HealthMetricsNoPrices,1075.0,90.0,1.0
2018-06-09 07:58:59,none,db6c514c0c28549e3f9cdd3fc4845ece62ac8185,4,worker8_nometricswithprices_rewardseeking@bugmark.net,NoMetricsWithPrices_rewardSeeking,995.0,0.0,0.0
2018-06-09 07:58:59,none,db6c514c0c28549e3f9cdd3fc4845ece62ac8185,4,worker10_healthmetricsnoprices@bugmark.net,HealthMetricsNoPrices,980.0,0.0,0.0
2018-06-09 07:58:59,none,db6c514c0c28549e3f9cdd3fc4845ece62ac8185,4,funder1_randompay@bugmark.net,randomPay,99999670.0,0.0,0.0
2018-06-09 07:58:59,none,db6c514c0c28549e3f9cdd3fc4845ece62ac8185,4,worker1_nometricsnoprices_riskaverse@bugmark.net,NoMetricsNoPrices_riskAverse,995.0,0.0,0.0
2018-06-09 07:58:59,none,db6c514c0c28549e3f9cdd3fc4845ece62ac8185,4,worker5_nometricswithprices_riskaverse@bugmark.net,NoMetricsWithPrices_riskAverse,1065.0,85.0,1.0
2018-06-09 07:58:59,none,db6c514c0c28549e3f9cdd3fc4845ece62ac8185,4,funder3_inversepay@bugmark.net,inversePay,99999655.0,20.0,0.5
2018-06-09 07:58:59,none,db6c514c0c28549e3f9cdd3fc4845ece62ac8185,5,admin@bugmark.net,,0.0,0.0,0.0
2018-06-09 07:58:59,none,db6c514c0c28549e3f9cdd3fc4845ece62ac8185,5,worker6_nometricswithprices_riskaverse@bugmark.net,NoMetricsWithPrices_riskAverse,1065.0,80.0,1.0
2018-06-09 07:58:59,none,db6c514c0c28549e3f9cdd3fc4845ece62ac8185,5,worker11_healthmetricswithprices@bugmark.net,HealthMetricsWithPrices,1095.0,95.0,1.0
2018-06-09 07:58:59,none,db6c514c0c28549e3f9cdd3fc4845ece62ac8185,5,worker2_nometricsnoprices_riskaverse@bugmark.net,NoMetricsNoPrices_riskAverse,1090.0,95.0,1.0
2018-06-09 07:58:59,none,db6c514c0c28549e3f9cdd3fc4845ece62ac8185,5,worker5_nometricswithprices_riskaverse@bugmark.net,NoMetricsWithPrices_riskAverse,1165.0,180.0,1.0
2018-06-09 07:58:59,none,db6c514c0c28549e3f9cdd3fc4845ece62ac8185,5,funder4_correlatedpay@bugmark.net,correlatedPay,99999755.0,10.0,0.6666666666666666
2018-06-09 07:58:59,none,db6c514c0c28549e3f9cdd3fc4845ece62ac8185,5,worker12_healthmetricswithprices@bugmark.net,HealthMetricsWithPrices,1085.0,85.0,1.0
2018-06-09 07:58:59,none,db6c514c0c28549e3f9cdd3fc4845ece62ac8185,5,worker4_nometricsnoprices_random@bugmark.net,NoMetricsNoPrices_random,1190.0,190.0,1.0
2018-06-09 07:58:59,none,db6c514c0c28549e3f9cdd3fc4845ece62ac8185,5,worker9_healthmetricsnoprices@bugmark.net,HealthMetricsNoPrices,1075.0,90.0,1.0
2018-06-09 07:58:59,none,db6c514c0c28549e3f9cdd3fc4845ece62ac8185,5,worker8_nometricswithprices_rewardseeking@bugmark.net,NoMetricsWithPrices_rewardSeeking,995.0,0.0,0.0
2018-06-09 07:58:59,none,db6c514c0c28549e3f9cdd3fc4845ece62ac8185,5,worker10_healthmetricsnoprices@bugmark.net,HealthMetricsNoPrices,965.0,0.0,0.0
2018-06-09 07:58:59,none,db6c514c0c28549e3f9cdd3fc4845ece62ac8185,5,worker7_nometricswithprices_rewardseeking@bugmark.net,NoMetricsWithPrices_rewardSeeking,1075.0,80.0,1.0
2018-06-09 07:58:59,none,db6c514c0c28549e3f9cdd3fc4845ece62ac8185,5,funder1_randompay@bugmark.net,randomPay,99999670.0,0.0,0.0
2018-06-09 07:58:59,none,db6c514c0c28549e3f9cdd3fc4845ece62ac8185,5,funder2_fixedpay@bugmark.net,fixedPay,99999430.0,0.0,0.0
2018-06-09 07:58:59,none,db6c514c0c28549e3f9cdd3fc4845ece62ac8185,5,worker1_nometricsnoprices_riskaverse@bugmark.net,NoMetricsNoPrices_riskAverse,995.0,0.0,0.0
2018-06-09 07:58:59,none,db6c514c0c28549e3f9cdd3fc4845ece62ac8185,5,worker3_nometricsnoprices_random@bugmark.net,NoMetricsNoPrices_random,1090.0,95.0,1.0
2018-06-09 07:58:59,none,db6c514c0c28549e3f9cdd3fc4845ece62ac8185,5,funder3_inversepay@bugmark.net,inversePay,99999560.0,20.0,0.25
2018-06-09 07:58:59,none,db6c514c0c28549e3f9cdd3fc4845ece62ac8185,6,admin@bugmark.net,,0.0,0.0,0.0
2018-06-09 07:58:59,none,db6c514c0c28549e3f9cdd3fc4845ece62ac8185,6,worker2_nometricsnoprices_riskaverse@bugmark.net,NoMetricsNoPrices_riskAverse,1185.0,190.0,1.0
2018-06-09 07:58:59,none,db6c514c0c28549e3f9cdd3fc4845ece62ac8185,6,funder4_correlatedpay@bugmark.net,correlatedPay,99999755.0,10.0,0.5
2018-06-09 07:58:59,none,db6c514c0c28549e3f9cdd3fc4845ece62ac8185,6,worker9_healthmetricsnoprices@bugmark.net,HealthMetricsNoPrices,1175.0,175.0,1.0
2018-06-09 07:58:59,none,db6c514c0c28549e3f9cdd3fc4845ece62ac8185,6,worker6_nometricswithprices_riskaverse@bugmark.net,NoMetricsWithPrices_riskAverse,1165.0,165.0,1.0
2018-06-09 07:58:59,none,db6c514c0c28549e3f9cdd3fc4845ece62ac8185,6,worker5_nometricswithprices_riskaverse@bugmark.net,NoMetricsWithPrices_riskAverse,1265.0,265.0,1.0
2018-06-09 07:58:59,none,db6c514c0c28549e3f9cdd3fc4845ece62ac8185,6,worker4_nometricsnoprices_random@bugmark.net,NoMetricsNoPrices_random,1190.0,190.0,1.0
2018-06-09 07:58:59,none,db6c514c0c28549e3f9cdd3fc4845ece62ac8185,6,worker12_healthmetricswithprices@bugmark.net,HealthMetricsWithPrices,1070.0,85.0,1.0
2018-06-09 07:58:59,none,db6c514c0c28549e3f9cdd3fc4845ece62ac8185,6,worker8_nometricswithprices_rewardseeking@bugmark.net,NoMetricsWithPrices_rewardSeeking,995.0,0.0,0.0
2018-06-09 07:58:59,none,db6c514c0c28549e3f9cdd3fc4845ece62ac8185,6,worker1_nometricsnoprices_riskaverse@bugmark.net,NoMetricsNoPrices_riskAverse,990.0,0.0,0.0
2018-06-09 07:58:59,none,db6c514c0c28549e3f9cdd3fc4845ece62ac8185,6,worker10_healthmetricsnoprices@bugmark.net,HealthMetricsNoPrices,965.0,0.0,0.0
2018-06-09 07:58:59,none,db6c514c0c28549e3f9cdd3fc4845ece62ac8185,6,funder2_fixedpay@bugmark.net,fixedPay,99999240.0,0.0,0.0
2018-06-09 07:58:59,none,db6c514c0c28549e3f9cdd3fc4845ece62ac8185,6,worker7_nometricswithprices_rewardseeking@bugmark.net,NoMetricsWithPrices_rewardSeeking,1075.0,80.0,1.0
2018-06-09 07:58:59,none,db6c514c0c28549e3f9cdd3fc4845ece62ac8185,6,worker11_healthmetricswithprices@bugmark.net,HealthMetricsWithPrices,1090.0,95.0,1.0
2018-06-09 07:58:59,none,db6c514c0c28549e3f9cdd3fc4845ece62ac8185,6,funder1_randompay@bugmark.net,randomPay,99999490.0,0.0,0.0
2018-06-09 07:58:59,none,db6c514c0c28549e3f9cdd3fc4845ece62ac8185,6,worker3_nometricsnoprices_random@bugmark.net,NoMetricsNoPrices_random,1090.0,95.0,1.0
2018-06-09 07:58:59,none,db6c514c0c28549e3f9cdd3fc4845ece62ac8185,6,funder3_inversepay@bugmark.net,inversePay,99999560.0,20.0,0.2
2018-06-09 07:58:59,none,db6c514c0c28549e3f9cdd3fc4845ece62ac8185,7,admin@bugmark.net,,0.0,0.0,0.0
2018-06-09 07:58:59,none,db6c514c0c28549e3f9cdd3fc4845ece62ac8185,7,funder3_inversepay@bugmark.net,inversePay,99999465.0,20.0,0.16666666666666666
2018-06-09 07:58:59,none,db6c514c0c28549e3f9cdd3fc4845ece62ac8185,7,worker2_nometricsnoprices_riskaverse@bugmark.net,NoMetricsNoPrices_riskAverse,1185.0,190.0,1.0
2018-06-09 07:58:59,none,db6c514c0c28549e3f9cdd3fc4845ece62ac8185,7,worker10_healthmetricsnoprices@bugmark.net,HealthMetricsNoPrices,1065.0,85.0,0.5
2018-06-09 07:58:59,none,db6c514c0c28549e3f9cdd3fc4845ece62ac8185,7,worker7_nometricswithprices_rewardseeking@bugmark.net,NoMetricsWithPrices_rewardSeeking,1175.0,175.0,1.0
2018-06-09 07:58:59,none,db6c514c0c28549e3f9cdd3fc4845ece62ac8185,7,worker9_healthmetricsnoprices@bugmark.net,HealthMetricsNoPrices,1175.0,175.0,1.0
2018-06-09 07:58:59,none,db6c514c0c28549e3f9cdd3fc4845ece62ac8185,7,worker3_nometricsnoprices_random@bugmark.net,NoMetricsNoPrices_random,1185.0,190.0,1.0
2018-06-09 07:58:59,none,db6c514c0c28549e3f9cdd3fc4845ece62ac8185,7,worker6_nometricswithprices_riskaverse@bugmark.net,NoMetricsWithPrices_riskAverse,1145.0,165.0,1.0
2018-06-09 07:58:59,none,db6c514c0c28549e3f9cdd3fc4845ece62ac8185,7,worker12_healthmetricswithprices@bugmark.net,HealthMetricsWithPrices,1070.0,85.0,1.0
2018-06-09 07:58:59,none,db6c514c0c28549e3f9cdd3fc4845ece62ac8185,7,funder1_randompay@bugmark.net,randomPay,99999410.0,0.0,0.0
2018-06-09 07:58:59,none,db6c514c0c28549e3f9cdd3fc4845ece62ac8185,7,worker1_nometricsnoprices_riskaverse@bugmark.net,NoMetricsNoPrices_riskAverse,990.0,0.0,0.0
2018-06-09 07:58:59,none,db6c514c0c28549e3f9cdd3fc4845ece62ac8185,7,worker5_nometricswithprices_riskaverse@bugmark.net,NoMetricsWithPrices_riskAverse,1245.0,265.0,1.0
2018-06-09 07:58:59,none,db6c514c0c28549e3f9cdd3fc4845ece62ac8185,7,worker11_healthmetricswithprices@bugmark.net,HealthMetricsWithPrices,1090.0,95.0,1.0
2018-06-09 07:58:59,none,db6c514c0c28549e3f9cdd3fc4845ece62ac8185,7,worker4_nometricsnoprices_random@bugmark.net,NoMetricsNoPrices_random,1185.0,190.0,1.0
2018-06-09 07:58:59,none,db6c514c0c28549e3f9cdd3fc4845ece62ac8185,7,funder2_fixedpay@bugmark.net,fixedPay,99999145.0,0.0,0.0
2018-06-09 07:58:59,none,db6c514c0c28549e3f9cdd3fc4845ece62ac8185,7,worker8_nometricswithprices_rewardseeking@bugmark.net,NoMetricsWithPrices_rewardSeeking,985.0,0.0,0.0
2018-06-09 07:58:59,none,db6c514c0c28549e3f9cdd3fc4845ece62ac8185,7,funder4_correlatedpay@bugmark.net,correlatedPay,99999585.0,10.0,0.4
2018-06-09 07:58:59,none,db6c514c0c28549e3f9cdd3fc4845ece62ac8185,8,admin@bugmark.net,,0.0,0.0,0.0
2018-06-09 07:58:59,none,db6c514c0c28549e3f9cdd3fc4845ece62ac8185,8,funder1_randompay@bugmark.net,randomPay,99999235.0,0.0,0.0
2018-06-09 07:58:59,none,db6c514c0c28549e3f9cdd3fc4845ece62ac8185,8,funder3_inversepay@bugmark.net,inversePay,99999465.0,20.0,0.16666666666666666
2018-06-09 07:58:59,none,db6c514c0c28549e3f9cdd3fc4845ece62ac8185,8,worker5_nometricswithprices_riskaverse@bugmark.net,NoMetricsWithPrices_riskAverse,1240.0,265.0,1.0
2018-06-09 07:58:59,none,db6c514c0c28549e3f9cdd3fc4845ece62ac8185,8,worker7_nometricswithprices_rewardseeking@bugmark.net,NoMetricsWithPrices_rewardSeeking,1175.0,175.0,1.0
2018-06-09 07:58:59,none,db6c514c0c28549e3f9cdd3fc4845ece62ac8185,8,worker9_healthmetricsnoprices@bugmark.net,HealthMetricsNoPrices,1175.0,175.0,1.0
2018-06-09 07:58:59,none,db6c514c0c28549e3f9cdd3fc4845ece62ac8185,8,funder2_fixedpay@bugmark.net,fixedPay,99999050.0,0.0,0.0
2018-06-09 07:58:59,none,db6c514c0c28549e3f9cdd3fc4845ece62ac8185,8,worker6_nometricswithprices_riskaverse@bugmark.net,NoMetricsWithPrices_riskAverse,1145.0,165.0,1.0
2018-06-09 07:58:59,none,db6c514c0c28549e3f9cdd3fc4845ece62ac8185,8,worker12_healthmetricswithprices@bugmark.net,HealthMetricsWithPrices,1150.0,170.0,1.0
2018-06-09 07:58:59,none,db6c514c0c28549e3f9cdd3fc4845ece62ac8185,8,worker10_healthmetricsnoprices@bugmark.net,HealthMetricsNoPrices,1060.0,85.0,0.5
2018-06-09 07:58:59,none,db6c514c0c28549e3f9cdd3fc4845ece62ac8185,8,worker3_nometricsnoprices_random@bugmark.net,NoMetricsNoPrices_random,1170.0,190.0,1.0
2018-06-09 07:58:59,none,db6c514c0c28549e3f9cdd3fc4845ece62ac8185,8,worker2_nometricsnoprices_riskaverse@bugmark.net,NoMetricsNoPrices_riskAverse,1285.0,285.0,1.0
2018-06-09 07:58:59,none,db6c514c0c28549e3f9cdd3fc4845ece62ac8185,8,worker1_nometricsnoprices_riskaverse@bugmark.net,NoMetricsNoPrices_riskAverse,1080.0,95.0,0.5
2018-06-09 07:58:59,none,db6c514c0c28549e3f9cdd3fc4845ece62ac8185,8,worker11_healthmetricswithprices@bugmark.net,HealthMetricsWithPrices,1190.0,190.0,1.0
2018-06-09 07:58:59,none,db6c514c0c28549e3f9cdd3fc4845ece62ac8185,8,funder4_correlatedpay@bugmark.net,correlatedPay,99999410.0,10.0,0.4
2018-06-09 07:58:59,none,db6c514c0c28549e3f9cdd3fc4845ece62ac8185,8,worker4_nometricsnoprices_random@bugmark.net,NoMetricsNoPrices_random,1185.0,190.0,1.0
2018-06-09 07:58:59,none,db6c514c0c28549e3f9cdd3fc4845ece62ac8185,8,worker8_nometricswithprices_rewardseeking@bugmark.net,NoMetricsWithPrices_rewardSeeking,985.0,0.0,0.0
2018-06-09 07:58:59,none,db6c514c0c28549e3f9cdd3fc4845ece62ac8185,9,admin@bugmark.net,,0.0,0.0,0.0
2018-06-09 07:58:59,none,db6c514c0c28549e3f9cdd3fc4845ece62ac8185,9,funder1_randompay@bugmark.net,randomPay,99999235.0,0.0,0.0
2018-06-09 07:58:59,none,db6c514c0c28549e3f9cdd3fc4845ece62ac8185,9,funder3_inversepay@bugmark.net,inversePay,99999465.0,20.0,0.14285714285714285
2018-06-09 07:58:59,none,db6c514c0c28549e3f9cdd3fc4845ece62ac8185,9,worker7_nometricswithprices_rewardseeking@bugmark.net,NoMetricsWithPrices_rewardSeeking,1175.0,175.0,1.0
2018-06-09 07:58:59,none,db6c514c0c28549e3f9cdd3fc4845ece62ac8185,9,worker9_healthmetricsnoprices@bugmark.net,HealthMetricsNoPrices,1175.0,175.0,1.0
2018-06-09 07:58:59,none,db6c514c0c28549e3f9cdd3fc4845ece62ac8185,9,worker12_healthmetricswithprices@bugmark.net,HealthMetricsWithPrices,1150.0,170.0,1.0
2018-06-09 07:58:59,none,db6c514c0c28549e3f9cdd3fc4845ece62ac8185,9,worker10_healthmetricsnoprices@bugmark.net,HealthMetricsNoPrices,1060.0,85.0,0.5
2018-06-09 07:58:59,none,db6c514c0c28549e3f9cdd3fc4845ece62ac8185,9,worker2_nometricsnoprices_riskaverse@bugmark.net,NoMetricsNoPrices_riskAverse,1285.0,285.0,1.0
2018-06-09 07:58:59,none,db6c514c0c28549e3f9cdd3fc4845ece62ac8185,9,worker1_nometricsnoprices_riskaverse@bugmark.net,NoMetricsNoPrices_riskAverse,1080.0,95.0,0.5
2018-06-09 07:58:59,none,db6c514c0c28549e3f9cdd3fc4845ece62ac8185,9,worker11_healthmetricswithprices@bugmark.net,HealthMetricsWithPrices,1190.0,190.0,1.0
2018-06-09 07:58:59,none,db6c514c0c28549e3f9cdd3fc4845ece62ac8185,9,worker6_nometricswithprices_riskaverse@bugmark.net,NoMetricsWithPrices_riskAverse,1245.0,245.0,1.0
2018-06-09 07:58:59,none,db6c514c0c28549e3f9cdd3fc4845ece62ac8185,9,funder4_correlatedpay@bugmark.net,correlatedPay,99999410.0,10.0,0.2857142857142857
2018-06-09 07:58:59,none,db6c514c0c28549e3f9cdd3fc4845ece62ac8185,9,worker5_nometricswithprices_riskaverse@bugmark.net,NoMetricsWithPrices_riskAverse,1340.0,345.0,1.0
2018-06-09 07:58:59,none,db6c514c0c28549e3f9cdd3fc4845ece62ac8185,9,funder2_fixedpay@bugmark.net,fixedPay,99999150.0,5.0,0.1111111111111111
2018-06-09 07:58:59,none,db6c514c0c28549e3f9cdd3fc4845ece62ac8185,9,worker4_nometricsnoprices_random@bugmark.net,NoMetricsNoPrices_random,1185.0,190.0,0.6666666666666666
2018-06-09 07:58:59,none,db6c514c0c28549e3f9cdd3fc4845ece62ac8185,9,worker8_nometricswithprices_rewardseeking@bugmark.net,NoMetricsWithPrices_rewardSeeking,1085.0,90.0,0.5
2018-06-09 07:58:59,none,db6c514c0c28549e3f9cdd3fc4845ece62ac8185,9,worker3_nometricsnoprices_random@bugmark.net,NoMetricsNoPrices_random,1270.0,285.0,1.0
2018-06-09 07:58:59,none,db6c514c0c28549e3f9cdd3fc4845ece62ac8185,10,admin@bugmark.net,,0.0,0.0,0.0
2018-06-09 07:58:59,none,db6c514c0c28549e3f9cdd3fc4845ece62ac8185,10,funder3_inversepay@bugmark.net,inversePay,99999465.0,20.0,0.14285714285714285
2018-06-09 07:58:59,none,db6c514c0c28549e3f9cdd3fc4845ece62ac8185,10,funder4_correlatedpay@bugmark.net,correlatedPay,99999330.0,10.0,0.2222222222222222
2018-06-09 07:58:59,none,db6c514c0c28549e3f9cdd3fc4845ece62ac8185,10,worker7_nometricswithprices_rewardseeking@bugmark.net,NoMetricsWithPrices_rewardSeeking,1175.0,175.0,1.0
2018-06-09 07:58:59,none,db6c514c0c28549e3f9cdd3fc4845ece62ac8185,10,worker9_healthmetricsnoprices@bugmark.net,HealthMetricsNoPrices,1175.0,175.0,1.0
2018-06-09 07:58:59,none,db6c514c0c28549e3f9cdd3fc4845ece62ac8185,10,funder1_randompay@bugmark.net,randomPay,99999145.0,0.0,0.0
2018-06-09 07:58:59,none,db6c514c0c28549e3f9cdd3fc4845ece62ac8185,10,worker6_nometricswithprices_riskaverse@bugmark.net,NoMetricsWithPrices_riskAverse,1240.0,245.0,1.0
2018-06-09 07:58:59,none,db6c514c0c28549e3f9cdd3fc4845ece62ac8185,10,funder2_fixedpay@bugmark.net,fixedPay,99998960.0,5.0,0.1
2018-06-09 07:58:59,none,db6c514c0c28549e3f9cdd3fc4845ece62ac8185,10,worker1_nometricsnoprices_riskaverse@bugmark.net,NoMetricsNoPrices_riskAverse,1180.0,185.0,0.6666666666666666
2018-06-09 07:58:59,none,db6c514c0c28549e3f9cdd3fc4845ece62ac8185,10,worker2_nometricsnoprices_riskaverse@bugmark.net,NoMetricsNoPrices_riskAverse,1285.0,285.0,1.0
2018-06-09 07:58:59,none,db6c514c0c28549e3f9cdd3fc4845ece62ac8185,10,worker11_healthmetricswithprices@bugmark.net,HealthMetricsWithPrices,1190.0,190.0,1.0
2018-06-09 07:58:59,none,db6c514c0c28549e3f9cdd3fc4845ece62ac8185,10,worker10_healthmetricsnoprices@bugmark.net,HealthMetricsNoPrices,1160.0,180.0,0.6666666666666666
2018-06-09 07:58:59,none,db6c514c0c28549e3f9cdd3fc4845ece62ac8185,10,worker3_nometricsnoprices_random@bugmark.net,NoMetricsNoPrices_random,1365.0,370.0,1.0
2018-06-09 07:58:59,none,db6c514c0c28549e3f9cdd3fc4845ece62ac8185,10,worker4_nometricsnoprices_random@bugmark.net,NoMetricsNoPrices_random,1185.0,190.0,0.6666666666666666
2018-06-09 07:58:59,none,db6c514c0c28549e3f9cdd3fc4845ece62ac8185,10,worker12_healthmetricswithprices@bugmark.net,HealthMetricsWithPrices,1230.0,250.0,1.0
2018-06-09 07:58:59,none,db6c514c0c28549e3f9cdd3fc4845ece62ac8185,10,worker5_nometricswithprices_riskaverse@bugmark.net,NoMetricsWithPrices_riskAverse,1430.0,440.0,1.0
2018-06-09 07:58:59,none,db6c514c0c28549e3f9cdd3fc4845ece62ac8185,10,worker8_nometricswithprices_rewardseeking@bugmark.net,NoMetricsWithPrices_rewardSeeking,1085.0,90.0,0.5
2018-06-09 07:58:59,none,db6c514c0c28549e3f9cdd3fc4845ece62ac8185,11,admin@bugmark.net,,0.0,0.0,0.0
2018-06-09 07:58:59,none,db6c514c0c28549e3f9cdd3fc4845ece62ac8185,11,worker10_healthmetricsnoprices@bugmark.net,HealthMetricsNoPrices,1155.0,180.0,0.6666666666666666
2018-06-09 07:58:59,none,db6c514c0c28549e3f9cdd3fc4845ece62ac8185,11,worker9_healthmetricsnoprices@bugmark.net,HealthMetricsNoPrices,1175.0,175.0,1.0
2018-06-09 07:58:59,none,db6c514c0c28549e3f9cdd3fc4845ece62ac8185,11,funder2_fixedpay@bugmark.net,fixedPay,99998865.0,5.0,0.1
2018-06-09 07:58:59,none,db6c514c0c28549e3f9cdd3fc4845ece62ac8185,11,worker1_nometricsnoprices_riskaverse@bugmark.net,NoMetricsNoPrices_riskAverse,1165.0,185.0,0.6666666666666666
2018-06-09 07:58:59,none,db6c514c0c28549e3f9cdd3fc4845ece62ac8185,11,funder4_correlatedpay@bugmark.net,correlatedPay,99999165.0,10.0,0.2222222222222222
2018-06-09 07:58:59,none,db6c514c0c28549e3f9cdd3fc4845ece62ac8185,11,worker6_nometricswithprices_riskaverse@bugmark.net,NoMetricsWithPrices_riskAverse,1240.0,245.0,1.0
2018-06-09 07:58:59,none,db6c514c0c28549e3f9cdd3fc4845ece62ac8185,11,worker7_nometricswithprices_rewardseeking@bugmark.net,NoMetricsWithPrices_rewardSeeking,1160.0,175.0,1.0
2018-06-09 07:58:59,none,db6c514c0c28549e3f9cdd3fc4845ece62ac8185,11,worker2_nometricsnoprices_riskaverse@bugmark.net,NoMetricsNoPrices_riskAverse,1285.0,285.0,1.0
2018-06-09 07:58:59,none,db6c514c0c28549e3f9cdd3fc4845ece62ac8185,11,funder3_inversepay@bugmark.net,inversePay,99999380.0,20.0,0.14285714285714285
2018-06-09 07:58:59,none,db6c514c0c28549e3f9cdd3fc4845ece62ac8185,11,worker11_healthmetricswithprices@bugmark.net,HealthMetricsWithPrices,1190.0,190.0,1.0
2018-06-09 07:58:59,none,db6c514c0c28549e3f9cdd3fc4845ece62ac8185,11,worker12_healthmetricswithprices@bugmark.net,HealthMetricsWithPrices,1225.0,250.0,1.0
2018-06-09 07:58:59,none,db6c514c0c28549e3f9cdd3fc4845ece62ac8185,11,worker4_nometricsnoprices_random@bugmark.net,NoMetricsNoPrices_random,1180.0,190.0,0.6666666666666666
2018-06-09 07:58:59,none,db6c514c0c28549e3f9cdd3fc4845ece62ac8185,11,funder1_randompay@bugmark.net,randomPay,99998955.0,0.0,0.0
2018-06-09 07:58:59,none,db6c514c0c28549e3f9cdd3fc4845ece62ac8185,11,worker3_nometricsnoprices_random@bugmark.net,NoMetricsNoPrices_random,1365.0,370.0,1.0
2018-06-09 07:58:59,none,db6c514c0c28549e3f9cdd3fc4845ece62ac8185,11,worker5_nometricswithprices_riskaverse@bugmark.net,NoMetricsWithPrices_riskAverse,1430.0,440.0,1.0
2018-06-09 07:58:59,none,db6c514c0c28549e3f9cdd3fc4845ece62ac8185,11,worker8_nometricswithprices_rewardseeking@bugmark.net,NoMetricsWithPrices_rewardSeeking,1065.0,90.0,0.5
2018-06-09 07:58:59,none,db6c514c0c28549e3f9cdd3fc4845ece62ac8185,12,admin@bugmark.net,,0.0,0.0,0.0
2018-06-09 07:58:59,none,db6c514c0c28549e3f9cdd3fc4845ece62ac8185,12,worker4_nometricsnoprices_random@bugmark.net,NoMetricsNoPrices_random,1165.0,190.0,0.6666666666666666
2018-06-09 07:58:59,none,db6c514c0c28549e3f9cdd3fc4845ece62ac8185,12,funder3_inversepay@bugmark.net,inversePay,99999205.0,20.0,0.14285714285714285
2018-06-09 07:58:59,none,db6c514c0c28549e3f9cdd3fc4845ece62ac8185,12,worker12_healthmetricswithprices@bugmark.net,HealthMetricsWithPrices,1325.0,330.0,1.0
2018-06-09 07:58:59,none,db6c514c0c28549e3f9cdd3fc4845ece62ac8185,12,worker10_healthmetricsnoprices@bugmark.net,HealthMetricsNoPrices,1155.0,180.0,0.6666666666666666
2018-06-09 07:58:59,none,db6c514c0c28549e3f9cdd3fc4845ece62ac8185,12,worker3_nometricsnoprices_random@bugmark.net,NoMetricsNoPrices_random,1465.0,465.0,1.0
2018-06-09 07:58:59,none,db6c514c0c28549e3f9cdd3fc4845ece62ac8185,12,worker9_healthmetricsnoprices@bugmark.net,HealthMetricsNoPrices,1175.0,175.0,1.0
2018-06-09 07:58:59,none,db6c514c0c28549e3f9cdd3fc4845ece62ac8185,12,funder2_fixedpay@bugmark.net,fixedPay,99998865.0,5.0,0.08333333333333333
2018-06-09 07:58:59,none,db6c514c0c28549e3f9cdd3fc4845ece62ac8185,12,worker1_nometricsnoprices_riskaverse@bugmark.net,NoMetricsNoPrices_riskAverse,1165.0,185.0,0.6666666666666666
2018-06-09 07:58:59,none,db6c514c0c28549e3f9cdd3fc4845ece62ac8185,12,worker5_nometricswithprices_riskaverse@bugmark.net,NoMetricsWithPrices_riskAverse,1530.0,530.0,1.0
2018-06-09 07:58:59,none,db6c514c0c28549e3f9cdd3fc4845ece62ac8185,12,funder4_correlatedpay@bugmark.net,correlatedPay,99999165.0,10.0,0.2
2018-06-09 07:58:59,none,db6c514c0c28549e3f9cdd3fc4845ece62ac8185,12,worker7_nometricswithprices_rewardseeking@bugmark.net,NoMetricsWithPrices_rewardSeeking,1160.0,175.0,1.0
2018-06-09 07:58:59,none,db6c514c0c28549e3f9cdd3fc4845ece62ac8185,12,worker6_nometricswithprices_riskaverse@bugmark.net,NoMetricsWithPrices_riskAverse,1340.0,340.0,1.0
2018-06-09 07:58:59,none,db6c514c0c28549e3f9cdd3fc4845ece62ac8185,12,worker11_healthmetricswithprices@bugmark.net,HealthMetricsWithPrices,1190.0,190.0,1.0
2018-06-09 07:58:59,none,db6c514c0c28549e3f9cdd3fc4845ece62ac8185,12,funder1_randompay@bugmark.net,randomPay,99998955.0,0.0,0.0
2018-06-09 07:58:59,none,db6c514c0c28549e3f9cdd3fc4845ece62ac8185,12,worker8_nometricswithprices_rewardseeking@bugmark.net,NoMetricsWithPrices_rewardSeeking,1065.0,90.0,0.5
2018-06-09 07:58:59,none,db6c514c0c28549e3f9cdd3fc4845ece62ac8185,12,worker2_nometricsnoprices_riskaverse@bugmark.net,NoMetricsNoPrices_riskAverse,1275.0,285.0,1.0
2018-06-09 07:58:59,none,db6c514c0c28549e3f9cdd3fc4845ece62ac8185,13,admin@bugmark.net,,0.0,0.0,0.0
2018-06-09 07:58:59,none,db6c514c0c28549e3f9cdd3fc4845ece62ac8185,13,worker5_nometricswithprices_riskaverse@bugmark.net,NoMetricsWithPrices_riskAverse,1525.0,530.0,1.0
2018-06-09 07:58:59,none,db6c514c0c28549e3f9cdd3fc4845ece62ac8185,13,worker9_healthmetricsnoprices@bugmark.net,HealthMetricsNoPrices,1175.0,175.0,1.0
2018-06-09 07:58:59,none,db6c514c0c28549e3f9cdd3fc4845ece62ac8185,13,funder4_correlatedpay@bugmark.net,correlatedPay,99999165.0,10.0,0.16666666666666666
2018-06-09 07:58:59,none,db6c514c0c28549e3f9cdd3fc4845ece62ac8185,13,funder3_inversepay@bugmark.net,inversePay,99999020.0,20.0,0.125
2018-06-09 07:58:59,none,db6c514c0c28549e3f9cdd3fc4845ece62ac8185,13,worker11_healthmetricswithprices@bugmark.net,HealthMetricsWithPrices,1185.0,190.0,1.0
2018-06-09 07:58:59,none,db6c514c0c28549e3f9cdd3fc4845ece62ac8185,13,funder1_randompay@bugmark.net,randomPay,99998770.0,0.0,0.0
2018-06-09 07:58:59,none,db6c514c0c28549e3f9cdd3fc4845ece62ac8185,13,worker8_nometricswithprices_rewardseeking@bugmark.net,NoMetricsWithPrices_rewardSeeking,1155.0,170.0,0.6666666666666666
2018-06-09 07:58:59,none,db6c514c0c28549e3f9cdd3fc4845ece62ac8185,13,worker10_healthmetricsnoprices@bugmark.net,HealthMetricsNoPrices,1255.0,275.0,0.75
2018-06-09 07:58:59,none,db6c514c0c28549e3f9cdd3fc4845ece62ac8185,13,worker6_nometricswithprices_riskaverse@bugmark.net,NoMetricsWithPrices_riskAverse,1330.0,340.0,1.0
2018-06-09 07:58:59,none,db6c514c0c28549e3f9cdd3fc4845ece62ac8185,13,worker1_nometricsnoprices_riskaverse@bugmark.net,NoMetricsNoPrices_riskAverse,1265.0,270.0,0.75
2018-06-09 07:58:59,none,db6c514c0c28549e3f9cdd3fc4845ece62ac8185,13,worker7_nometricswithprices_rewardseeking@bugmark.net,NoMetricsWithPrices_rewardSeeking,1260.0,260.0,1.0
2018-06-09 07:58:59,none,db6c514c0c28549e3f9cdd3fc4845ece62ac8185,13,worker12_healthmetricswithprices@bugmark.net,HealthMetricsWithPrices,1425.0,425.0,1.0
2018-06-09 07:58:59,none,db6c514c0c28549e3f9cdd3fc4845ece62ac8185,13,worker3_nometricsnoprices_random@bugmark.net,NoMetricsNoPrices_random,1460.0,465.0,1.0
2018-06-09 07:58:59,none,db6c514c0c28549e3f9cdd3fc4845ece62ac8185,13,worker4_nometricsnoprices_random@bugmark.net,NoMetricsNoPrices_random,1265.0,285.0,0.75
2018-06-09 07:58:59,none,db6c514c0c28549e3f9cdd3fc4845ece62ac8185,13,funder2_fixedpay@bugmark.net,fixedPay,99998770.0,5.0,0.07692307692307693
2018-06-09 07:58:59,none,db6c514c0c28549e3f9cdd3fc4845ece62ac8185,13,worker2_nometricsnoprices_riskaverse@bugmark.net,NoMetricsNoPrices_riskAverse,1275.0,285.0,1.0
2018-06-09 07:58:59,none,db6c514c0c28549e3f9cdd3fc4845ece62ac8185,14,admin@bugmark.net,,0.0,0.0,0.0
2018-06-09 07:58:59,none,db6c514c0c28549e3f9cdd3fc4845ece62ac8185,14,worker10_healthmetricsnoprices@bugmark.net,HealthMetricsNoPrices,1250.0,275.0,0.75
2018-06-09 07:58:59,none,db6c514c0c28549e3f9cdd3fc4845ece62ac8185,14,worker5_nometricswithprices_riskaverse@bugmark.net,NoMetricsWithPrices_riskAverse,1515.0,530.0,1.0
2018-06-09 07:58:59,none,db6c514c0c28549e3f9cdd3fc4845ece62ac8185,14,funder4_correlatedpay@bugmark.net,correlatedPay,99998995.0,10.0,0.16666666666666666
2018-06-09 07:58:59,none,db6c514c0c28549e3f9cdd3fc4845ece62ac8185,14,worker9_healthmetricsnoprices@bugmark.net,HealthMetricsNoPrices,1175.0,175.0,1.0
2018-06-09 07:58:59,none,db6c514c0c28549e3f9cdd3fc4845ece62ac8185,14,worker7_nometricswithprices_rewardseeking@bugmark.net,NoMetricsWithPrices_rewardSeeking,1250.0,260.0,1.0
2018-06-09 07:58:59,none,db6c514c0c28549e3f9cdd3fc4845ece62ac8185,14,funder3_inversepay@bugmark.net,inversePay,99998930.0,20.0,0.1
2018-06-09 07:58:59,none,db6c514c0c28549e3f9cdd3fc4845ece62ac8185,14,funder2_fixedpay@bugmark.net,fixedPay,99998580.0,5.0,0.07692307692307693
2018-06-09 07:58:59,none,db6c514c0c28549e3f9cdd3fc4845ece62ac8185,14,worker11_healthmetricswithprices@bugmark.net,HealthMetricsWithPrices,1185.0,190.0,1.0
2018-06-09 07:58:59,none,db6c514c0c28549e3f9cdd3fc4845ece62ac8185,14,worker2_nometricsnoprices_riskaverse@bugmark.net,NoMetricsNoPrices_riskAverse,1370.0,375.0,1.0
2018-06-09 07:58:59,none,db6c514c0c28549e3f9cdd3fc4845ece62ac8185,14,funder1_randompay@bugmark.net,randomPay,99998770.0,0.0,0.0
2018-06-09 07:58:59,none,db6c514c0c28549e3f9cdd3fc4845ece62ac8185,14,worker8_nometricswithprices_rewardseeking@bugmark.net,NoMetricsWithPrices_rewardSeeking,1155.0,170.0,0.6666666666666666
2018-06-09 07:58:59,none,db6c514c0c28549e3f9cdd3fc4845ece62ac8185,14,worker4_nometricsnoprices_random@bugmark.net,NoMetricsNoPrices_random,1365.0,370.0,0.8
2018-06-09 07:58:59,none,db6c514c0c28549e3f9cdd3fc4845ece62ac8185,14,worker6_nometricswithprices_riskaverse@bugmark.net,NoMetricsWithPrices_riskAverse,1330.0,340.0,1.0
2018-06-09 07:58:59,none,db6c514c0c28549e3f9cdd3fc4845ece62ac8185,14,worker12_healthmetricswithprices@bugmark.net,HealthMetricsWithPrices,1425.0,425.0,1.0
2018-06-09 07:58:59,none,db6c514c0c28549e3f9cdd3fc4845ece62ac8185,14,worker3_nometricsnoprices_random@bugmark.net,NoMetricsNoPrices_random,1460.0,465.0,1.0
2018-06-09 07:58:59,none,db6c514c0c28549e3f9cdd3fc4845ece62ac8185,14,worker1_nometricsnoprices_riskaverse@bugmark.net,NoMetricsNoPrices_riskAverse,1245.0,270.0,0.75
2018-06-09 07:58:59,none,db6c514c0c28549e3f9cdd3fc4845ece62ac8185,15,admin@bugmark.net,,0.0,0.0,0.0
2018-06-09 07:58:59,none,db6c514c0c28549e3f9cdd3fc4845ece62ac8185,15,worker10_healthmetricsnoprices@bugmark.net,HealthMetricsNoPrices,1250.0,275.0,0.75
2018-06-09 07:58:59,none,db6c514c0c28549e3f9cdd3fc4845ece62ac8185,15,worker12_healthmetricswithprices@bugmark.net,HealthMetricsWithPrices,1405.0,425.0,1.0
2018-06-09 07:58:59,none,db6c514c0c28549e3f9cdd3fc4845ece62ac8185,15,worker9_healthmetricsnoprices@bugmark.net,HealthMetricsNoPrices,1175.0,175.0,1.0
2018-06-09 07:58:59,none,db6c514c0c28549e3f9cdd3fc4845ece62ac8185,15,worker7_nometricswithprices_rewardseeking@bugmark.net,NoMetricsWithPrices_rewardSeeking,1250.0,260.0,1.0
2018-06-09 07:58:59,none,db6c514c0c28549e3f9cdd3fc4845ece62ac8185,15,funder3_inversepay@bugmark.net,inversePay,99998930.0,20.0,0.08333333333333333
2018-06-09 07:58:59,none,db6c514c0c28549e3f9cdd3fc4845ece62ac8185,15,funder4_correlatedpay@bugmark.net,correlatedPay,99998835.0,10.0,0.16666666666666666
2018-06-09 07:58:59,none,db6c514c0c28549e3f9cdd3fc4845ece62ac8185,15,worker2_nometricsnoprices_riskaverse@bugmark.net,NoMetricsNoPrices_riskAverse,1365.0,375.0,1.0
2018-06-09 07:58:59,none,db6c514c0c28549e3f9cdd3fc4845ece62ac8185,15,worker4_nometricsnoprices_random@bugmark.net,NoMetricsNoPrices_random,1365.0,370.0,0.8
2018-06-09 07:58:59,none,db6c514c0c28549e3f9cdd3fc4845ece62ac8185,15,funder2_fixedpay@bugmark.net,fixedPay,99998485.0,5.0,0.07142857142857142
2018-06-09 07:58:59,none,db6c514c0c28549e3f9cdd3fc4845ece62ac8185,15,worker1_nometricsnoprices_riskaverse@bugmark.net,NoMetricsNoPrices_riskAverse,1235.0,270.0,0.75
2018-06-09 07:58:59,none,db6c514c0c28549e3f9cdd3fc4845ece62ac8185,15,worker8_nometricswithprices_rewardseeking@bugmark.net,NoMetricsWithPrices_rewardSeeking,1255.0,260.0,0.75
2018-06-09 07:58:59,none,db6c514c0c28549e3f9cdd3fc4845ece62ac8185,15,worker6_nometricswithprices_riskaverse@bugmark.net,NoMetricsWithPrices_riskAverse,1410.0,430.0,1.0
2018-06-09 07:58:59,none,db6c514c0c28549e3f9cdd3fc4845ece62ac8185,15,funder1_randompay@bugmark.net,randomPay,99998680.0,0.0,0.0
2018-06-09 07:58:59,none,db6c514c0c28549e3f9cdd3fc4845ece62ac8185,15,worker3_nometricsnoprices_random@bugmark.net,NoMetricsNoPrices_random,1560.0,560.0,1.0
2018-06-09 07:58:59,none,db6c514c0c28549e3f9cdd3fc4845ece62ac8185,15,worker5_nometricswithprices_riskaverse@bugmark.net,NoMetricsWithPrices_riskAverse,1615.0,625.0,1.0
2018-06-09 07:58:59,none,db6c514c0c28549e3f9cdd3fc4845ece62ac8185,15,worker11_healthmetricswithprices@bugmark.net,HealthMetricsWithPrices,1285.0,285.0,1.0
